Inventāra Nr.	Nosaukums	Autors	Gads	Tehnika	Platums (m)	Augstums (m)	Svars (kg)	Montāžas augstums (m)	Attēla fails
ASN-001	Pavasara strauts	Vilhelms Purvītis	1902	Papīrs, akvarelis	0.35	0.45	4.2	1.40	catalog_images/ASN-001.png
ASN-002	Ganu zēns rīta saulē	Janis Rozentāls	1898	Papīrs, ogle, sangīna	0.40	0.30	3.5	1.50	catalog_images/ASN-002.png
ASN-003	Bērza lapa saulē	Johans Valters	1905	Kartons, eļļa	0.50	0.50	6.0	1.30	catalog_images/ASN-003.png
ASN-004	Dandy ar orhideju	Kārlis Padegs	1931	Papīrs, tuša, akvarelis	0.35	0.50	4.0	1.40	catalog_images/ASN-004.png
ASN-005	Lietus naktī pār pilsētu	Kārlis Padegs	1932	Papīrs, tuša, zīmulis	0.45	0.60	5.5	1.30	catalog_images/ASN-005.png
ASN-006	Bēgles skice	Jēkabs Kazaks	1917	Papīrs, zīmulis, tuša	0.30	0.40	3.2	1.50	catalog_images/ASN-006.png
ASN-007	Itālijas motīvs ar arkādi	Niklāvs Strunke	1924	Papīrs, krāsu litogrāfija	0.55	0.45	6.8	1.40	catalog_images/ASN-007.png
ASN-008	Klusā daba ar pīpi un kausu	Romans Suta	1923	Kartons, tempera	0.40	0.50	5.0	1.40	catalog_images/ASN-008.png
ASN-009	Baletdejotājas portrets	Aleksandra Beļcova	1925	Papīrs, sangīna, pastelis	0.35	0.45	3.8	1.50	catalog_images/ASN-009.png
ASN-010	Dinamiskā pilsēta (Skice)	Gustavs Klucis	1920	Papīrs, fotomontāža, tuša	0.50	0.40	5.2	1.40	catalog_images/ASN-010.png
ASN-011	Pārdaugavas dārzs pavasarī	Konrāds Ubāns	1934	Papīrs, akvarelis	0.45	0.35	4.5	1.40	catalog_images/ASN-011.png
ASN-012	Eksotiskā maska	Voldemārs Matvejs	1912	Kartons, tempera	0.60	0.45	7.5	1.30	catalog_images/ASN-012.png
ASN-013	Polifoniskā arhitektūra	Paul Klee	1930	Papīrs, jaukta tehnika	0.40	0.40	4.8	1.40	catalog_images/ASN-013.png
ASN-014	Mazie pasauļu fragmenti IV	Wassily Kandinsky	1922	Papīrs, krāsu litogrāfija	0.50	0.60	7.0	1.30	catalog_images/ASN-014.png
ASN-015	Kalpotājs ar zelta zivi	Ilmārs Blumbergs	1993	Papīrs, sietspiede, akrils	0.60	0.50	8.2	1.30	catalog_images/ASN-015.png
ASN-016	Kluss rīts darbnīcā	Bruno Vasiļevskis	1976	Kartons, eļļa	0.38	0.48	5.8	1.40	catalog_images/ASN-016.png
ASN-017	Okeāna virsma IV	Vija Celmiņa	1973	Papīrs, grafīts	0.48	0.38	4.6	1.50	catalog_images/ASN-017.png
ASN-018	Pop-art variācija ar ziedu	Henrihs Vorkals	1982	Papīrs, sietspiede	0.55	0.55	7.8	1.30	catalog_images/ASN-018.png
ASN-019	Krusta motīvs un zelta lauks	Boriss Bērziņš	1985	Papīrs, zelta lapiņas, tuša	0.32	0.42	4.0	1.40	catalog_images/ASN-019.png
ASN-020	Parīzes bulvāris lietū	Ludolfs Liberts	1938	Kartons, eļļa, biezs stikls	0.60	0.60	11.5	1.30	catalog_images/ASN-020.png
ASN-021	Pavasara ūdeņi (Martā)	Vilhelms Purvītis	1910	Audekls, eļļa	1.20	0.90	28.0	1.20	catalog_images/ASN-021.png
ASN-022	Ziemas ainava ar sarmu	Vilhelms Purvītis	1914	Audekls, eļļa	1.40	1.00	36.0	1.10	catalog_images/ASN-022.png
ASN-023	No baznīcas	Janis Rozentāls	1894	Audekls, eļļa	1.10	1.40	38.0	1.10	catalog_images/ASN-023.png
ASN-024	Mākslinieka darbnīcā	Janis Rozentāls	1908	Audekls, eļļa	1.00	1.20	32.0	1.20	catalog_images/ASN-024.png
ASN-025	Tirgus Jelgavā	Johans Valters	1897	Audekls, eļļa	1.30	0.95	30.0	1.10	catalog_images/ASN-025.png
ASN-026	Ziedošās pļavas	Voldemārs Matvejs	1911	Audekls, eļļa	0.90	1.10	22.0	1.20	catalog_images/ASN-026.png
ASN-027	Bēgļi	Jēkabs Kazaks	1917	Audekls, eļļa	1.20	1.20	35.0	1.10	catalog_images/ASN-027.png
ASN-028	Cilvēks, kas ieiet istabā	Niklāvs Strunke	1927	Audekls, eļļa	0.85	1.15	26.0	1.20	catalog_images/ASN-028.png
ASN-029	Krogs ar muzikantiem	Romans Suta	1920	Audekls, eļļa	1.05	0.85	24.0	1.20	catalog_images/ASN-029.png
ASN-030	Baltā un melnā	Aleksandra Beļcova	1925	Audekls, eļļa	1.00	1.30	34.0	1.10	catalog_images/ASN-030.png
ASN-031	Sieviete ar krūzi	Valdemārs Tone	1928	Audekls, eļļa	0.95	1.20	27.0	1.20	catalog_images/ASN-031.png
ASN-032	Daugavmalas ainava	Konrāds Ubāns	1937	Audekls, eļļa	1.35	0.90	33.0	1.10	catalog_images/ASN-032.png
ASN-033	Klusā daba ar ceriņiem	Leo Svemps	1955	Audekls, eļļa	1.15	0.95	29.0	1.20	catalog_images/ASN-033.png
ASN-034	Lauku darbi vakarā	Ģederts Eliass	1930	Audekls, eļļa	1.40	1.10	42.0	1.10	catalog_images/ASN-034.png
ASN-035	Venēcijas gondolas saulrietā	Ludolfs Liberts	1935	Audekls, eļļa	1.25	1.05	37.0	1.10	catalog_images/ASN-035.png
ASN-036	Brīvības vēsma	Jānis Pauļuks	1947	Audekls, eļļa	1.10	1.30	36.0	1.10	catalog_images/ASN-036.png
ASN-037	Felicita ar ziediem	Jānis Pauļuks	1958	Audekls, eļļa	0.90	1.20	28.0	1.20	catalog_images/ASN-037.png
ASN-038	Tautas dziesma	Džemma Skulme	1969	Audekls, eļļa	1.20	1.20	38.0	1.10	catalog_images/ASN-038.png
ASN-039	Kompozīcija ar vertikālēm	Ojārs Ābols	1972	Audekls, akrils, reljefs	1.00	1.40	46.0	1.10	catalog_images/ASN-039.png
ASN-040	Pelēkā zivs uz dēļa	Boriss Bērziņš	1978	Kartons uz koka paneļa, eļļa	0.85	1.05	34.0	1.20	catalog_images/ASN-040.png
ASN-041	Baltais galds ar traukiem	Bruno Vasiļevskis	1979	Audekls, eļļa	1.10	0.80	22.0	1.30	catalog_images/ASN-041.png
ASN-042	Sapnis par bronzas jātnieku	Miervaldis Polis	1983	Audekls, eļļa	1.30	1.00	33.0	1.20	catalog_images/ASN-042.png
ASN-043	Lietaina Rīgas iela	Līga Purmale	1980	Audekls, eļļa	1.20	0.95	29.0	1.20	catalog_images/ASN-043.png
ASN-044	Vakara serenāde	Juris Jurjāns	1988	Audekls, eļļa	1.05	1.25	31.0	1.10	catalog_images/ASN-044.png
ASN-045	Džungļu sonāte	Maija Tabaka	1981	Audekls, eļļa	1.40	1.20	48.0	1.00	catalog_images/ASN-045.png
ASN-046	Sarkanā karaliene	Aija Zariņa	1989	Audekls, eļļa	1.25	1.25	35.0	1.10	catalog_images/ASN-046.png
ASN-047	Klusā klātbūtne	Ieva Iltnere	1994	Audekls, eļļa, pigments	1.15	1.35	44.0	1.10	catalog_images/ASN-047.png
ASN-048	Dzeltenā zīme kosmosā	Jānis Mitrēvics	1991	Audekls, jaukta tehnika	1.30	1.10	39.0	1.10	catalog_images/ASN-048.png
ASN-049	Ziemeļu saule pār mežu	Kristaps Ģelzis	2001	Polietilēns, akrils uz koka	1.00	1.35	32.0	1.10	catalog_images/ASN-049.png
ASN-050	Gājējs rīta miglā	Kaspars Zariņš	1998	Audekls, eļļa	1.20	1.00	30.0	1.20	catalog_images/ASN-050.png
ASN-051	Untitled (Yellow and Blue)	Mark Rothko	1954	Audekls, eļļa	1.15	1.40	40.0	1.10	catalog_images/ASN-051.png
ASN-052	Kompozīcija ar sarkanu, zilu un dzeltenu	Piet Mondrian	1929	Audekls, eļļa	0.80	0.80	18.0	1.30	catalog_images/ASN-052.png
ASN-053	Dinamiskais supremātisms Nr. 57	Kazimir Malevich	1916	Audekls, eļļa	1.00	1.00	25.0	1.20	catalog_images/ASN-053.png
ASN-054	Improvizācija 28	Wassily Kandinsky	1912	Audekls, eļļa	1.25	1.10	33.0	1.10	catalog_images/ASN-054.png
ASN-055	Proun 19D (Telpiskais vektors)	El Lissitzky	1922	Audekls, kolāža, eļļa	0.90	1.25	28.0	1.20	catalog_images/ASN-055.png
ASN-056	Mīlestības valoda	Sarmīte Māliņa	2008	Koka kārba, laka, emalja	0.85	0.85	26.0	1.30	catalog_images/ASN-056.png
ASN-057	Zemes slāņi un saknes	Andris Eglītis	2012	Audekls, māls, eļļa	1.35	1.15	52.0	1.00	catalog_images/ASN-057.png
ASN-058	Rīts ar ābolu un grāmatu	Bruno Vasiļevskis	1981	Audekls, eļļa	0.80	1.00	20.0	1.20	catalog_images/ASN-058.png
ASN-059	Rudenī pie Gaujas	Vilhelms Purvītis	1928	Audekls, eļļa	1.40	0.90	31.0	1.20	catalog_images/ASN-059.png
ASN-060	Princese ar pērtiķi	Janis Rozentāls	1913	Audekls, eļļa	0.95	1.35	36.0	1.10	catalog_images/ASN-060.png
ASN-061	Klintis Staburaga tuvumā	Konrāds Ubāns	1939	Audekls, eļļa	1.30	0.85	29.0	1.20	catalog_images/ASN-061.png
ASN-062	Zivis uz avīzes fona	Leo Svemps	1960	Audekls, eļļa	1.10	0.90	25.0	1.20	catalog_images/ASN-062.png
ASN-063	Pašportrets ar melnu cepuri	Jānis Pauļuks	1962	Audekls, eļļa	0.90	1.15	27.0	1.20	catalog_images/ASN-063.png
ASN-064	Kariatīde telpā	Džemma Skulme	1982	Audekls, akrils, kolāža	1.05	1.40	47.0	1.00	catalog_images/ASN-064.png
ASN-065	Regīnas portrets vakarkleitā	Maija Tabaka	1979	Audekls, eļļa	1.20	1.30	42.0	1.10	catalog_images/ASN-065.png
ASN-066	Pavasara ziemeļu elpa	Vilhelms Purvītis	1930	Audekls, eļļa	1.80	1.40	58.0	1.00	catalog_images/ASN-066.png
ASN-067	Mūžīgais miers (Ainava ar ezeru)	Vilhelms Purvītis	1925	Audekls, eļļa	2.00	1.50	68.0	0.90	catalog_images/ASN-067.png
ASN-068	Nāve un meitene	Janis Rozentāls	1907	Audekls, eļļa	1.50	1.80	62.0	1.00	catalog_images/ASN-068.png
ASN-069	Peldētāji zēni saulrietā	Johans Valters	1900	Audekls, eļļa	1.70	1.30	52.0	1.00	catalog_images/ASN-069.png
ASN-070	Rituālā ceremonija	Voldemārs Matvejs	1913	Audekls, eļļa	1.60	2.10	74.0	0.90	catalog_images/ASN-070.png
ASN-071	Pusdienas laiks druvā	Ģederts Eliass	1935	Audekls, eļļa	2.10	1.60	70.0	0.90	catalog_images/ASN-071.png
ASN-072	Lielā Daugava vējā	Jānis Pauļuks	1953	Audekls, eļļa	1.90	1.50	64.0	1.00	catalog_images/ASN-072.png
ASN-073	Paaudzes	Džemma Skulme	1975	Audekls, akrils, jaukta tehnika	1.80	1.80	66.0	0.90	catalog_images/ASN-073.png
ASN-074	Zemes elpa un magmatiskais spēks	Ojārs Ābols	1976	Audekls, jaukta tehnika, smiltis, reljefs	1.70	2.00	82.0	0.90	catalog_images/ASN-074.png
ASN-075	Siena pļāvēji pusdienā	Boriss Bērziņš	1982	Koka masīvs panelis, eļļa, zelta grunts	1.60	1.60	76.0	1.00	catalog_images/ASN-075.png
ASN-076	Lūgšana par mieru	Ilmārs Blumbergs	1998	Audekls, akrils, ogle, zelts	2.20	1.70	78.0	0.80	catalog_images/ASN-076.png
ASN-077	Kāzas Rundāles pilī	Maija Tabaka	1986	Audekls, eļļa, masīvs baroka rāmis	2.10	1.80	85.0	0.80	catalog_images/ASN-077.png
ASN-078	Koloristiskā ilūzija telpā	Miervaldis Polis	1989	Audekls, eļļa	1.90	1.90	65.0	0.90	catalog_images/ASN-078.png
ASN-079	Nakts gaisma pār Rīgu	Līga Purmale	1992	Audekls, eļļa	2.00	1.40	56.0	1.00	catalog_images/ASN-079.png
ASN-080	Vasaras pilnbrieds un ziedi	Juris Jurjāns	1995	Audekls, eļļa	1.80	2.10	75.0	0.80	catalog_images/ASN-080.png
ASN-081	Monumentālā kompozīcija VIII	Henrihs Vorkals	1987	Audekls, sietspiede, akrils	2.20	1.50	60.0	0.90	catalog_images/ASN-081.png
ASN-082	Eiropas nolaupīšana	Aija Zariņa	1990	Audekls, eļļa	2.00	2.00	72.0	0.90	catalog_images/ASN-082.png
ASN-083	Gaisa spēki un zilā telpa	Kristaps Ģelzis	2007	Pigmenta druka uz dibond alumīnija	1.70	1.60	48.0	1.00	catalog_images/ASN-083.png
ASN-084	Ierakumi mežā (Zemes konstrukcija)	Andris Eglītis	2015	Audekls, zeme, koks, eļļa	2.10	1.50	88.0	0.90	catalog_images/ASN-084.png
ASN-085	Bābele	Ieva Iltnere	2004	Audekls, eļļa	1.80	1.60	55.0	1.00	catalog_images/ASN-085.png
ASN-086	No. 14 (White and Greens on Blue)	Mark Rothko	1957	Audekls, eļļa	1.50	2.20	64.0	0.80	catalog_images/ASN-086.png
ASN-087	Supremātisms (Balts uz balta)	Kazimir Malevich	1918	Audekls, eļļa	1.50	1.50	46.0	1.10	catalog_images/ASN-087.png
ASN-088	Kompozīcija VIII	Wassily Kandinsky	1923	Audekls, eļļa	2.00	1.40	58.0	1.00	catalog_images/ASN-088.png
ASN-089	Lielā telpiskā konstrukcija	Gustavs Klucis	1922	Finieris, metāla detaļas, emalja	1.60	1.90	92.0	0.90	catalog_images/ASN-089.png
ASN-090	Nakts debesis (Zvaigžņu lauks)	Vija Celmiņa	1995	Audekls, eļļa	1.90	2.10	70.0	0.80	catalog_images/ASN-090.png
ASN-091	Monumentālā pavasara ainava (Panorāma)	Vilhelms Purvītis	1935	Audekls, eļļa, masīvs ozola dubultrāmis	2.60	1.80	115.0	0.80	catalog_images/ASN-091.png
ASN-092	Zemgales lauku epopeja (Triptiks)	Ģederts Eliass	1938	Koka trīsdaļu panelis, eļļa	2.80	1.90	135.0	0.80	catalog_images/ASN-092.png
ASN-093	Lielā ritmiskā simfonija	Jānis Pauļuks	1965	Audekls, eļļa, tērauda iekšējais karkass	2.40	1.80	105.0	0.90	catalog_images/ASN-093.png
ASN-094	Vēstures liecinieki (Diptiks)	Džemma Skulme	1985	Audekls, akrils, masīvs alumīnija profils	2.50	2.00	120.0	0.80	catalog_images/ASN-094.png
ASN-095	Tektoniskais lūzums un telpa	Ojārs Ābols	1980	Koka un betona kompozīcija, polimēri	2.30	2.40	140.0	0.80	catalog_images/ASN-095.png
ASN-096	Ceļš uz gaismu (Monumentālais panelis)	Ilmārs Blumbergs	2002	Saplāksnis, jaukta tehnika, dzelzs karkass	2.70	1.80	125.0	0.80	catalog_images/ASN-096.png
ASN-097	Rīgas leģenda (Diptiks)	Maija Tabaka	1984	Audekls, eļļa, masīvkoka profils	2.60	2.20	130.0	0.80	catalog_images/ASN-097.png
ASN-098	Latvijas ainava 360°	Kristaps Ģelzis	2011	Lielformāta dubultpanelis, luminiscējoša krāsa, dibonds	2.80	2.20	110.0	0.80	catalog_images/ASN-098.png
ASN-099	Ziemeļu meža katedrāle (Diptiks)	Andris Eglītis	2018	Audekls, ozolkoka karkass, dabīgie pigmenti	2.50	2.20	138.0	0.80	catalog_images/ASN-099.png
ASN-100	Monumental Black on Maroon (Mural Diptych)	Mark Rothko	1958	Audekls, eļļa, pastiprināts tērauda apakšrāmis	2.40	2.40	95.0	0.80	catalog_images/ASN-100.png